epoch,time,train/box_loss,train/cls_loss,train/dfl_loss,metrics/precision(B),metrics/recall(B),metrics/mAP50(B),metrics/mAP50-95(B),val/box_loss,val/cls_loss,val/dfl_loss,lr/pg0,lr/pg1,lr/pg2
1,77.0805,1.65426,1.3695,1.03903,0.16125,0.15247,0.111,0.05831,1.84857,1.73777,1.13799,0.000237412,0.000237412,0.000237412
2,147.798,1.51866,1.18847,0.99535,0.20099,0.17505,0.13474,0.07369,1.76784,1.59968,1.10906,0.000381281,0.000381281,0.000381281
3,250.338,1.50623,1.16704,0.98831,0.21724,0.19992,0.1559,0.08683,1.70168,1.52782,1.079,0.000430901,0.000430901,0.000430901
4,342.312,1.48924,1.14152,0.98401,0.22147,0.20342,0.15925,0.08957,1.67492,1.50236,1.0734,0.000289884,0.000289884,0.000289884
5,456.216,1.47962,1.12549,0.97897,0.23161,0.20733,0.168,0.09373,1.66207,1.48074,1.06737,0.000148512,0.000148512,0.000148512
