epoch,time,train/box_loss,train/cls_loss,train/dfl_loss,metrics/precision(B),metrics/recall(B),metrics/mAP50(B),metrics/mAP50-95(B),val/box_loss,val/cls_loss,val/dfl_loss,lr/pg0,lr/pg1,lr/pg2
1,78.0473,1.28119,0.86611,0.89529,0.42966,0.3422,0.33741,0.19499,1.33597,0.98428,0.9063,0.000237412,0.000237412,0.000237412
2,170.104,1.27679,0.8612,0.89634,0.4349,0.34034,0.33951,0.19554,1.33712,0.98091,0.90568,0.000240083,0.000240083,0.000240083
