epoch,time,train/box_loss,train/cls_loss,train/dfl_loss,metrics/precision(B),metrics/recall(B),metrics/mAP50(B),metrics/mAP50-95(B),val/box_loss,val/cls_loss,val/dfl_loss,lr/pg0,lr/pg1,lr/pg2
1,75.8249,1.58444,1.10529,1.0072,0.63921,0.46716,0.51219,0.26282,1.57275,0.90225,1.03236,0.000237412,0.000237412,0.000237412
2,151.546,1.52833,1.02849,0.9941,0.65298,0.46951,0.52122,0.26982,1.56604,0.88996,1.03253,0.000381281,0.000381281,0.000381281
3,271.838,1.52741,1.01482,0.99304,0.637,0.48176,0.52887,0.27769,1.53195,0.86834,1.02002,0.000430901,0.000430901,0.000430901
4,346.44,1.51692,1.00143,0.98974,0.66476,0.48975,0.5386,0.28102,1.52694,0.84089,1.01552,0.000289884,0.000289884,0.000289884
5,469.186,1.50678,0.99022,0.98467,0.65378,0.49673,0.54022,0.28175,1.52207,0.82703,1.0142,0.000148512,0.000148512,0.000148512
